S. No.,lambda,Runred,Pollutant,Cost,Infiltration trench,Vegetated_filterstrip,Wet_pond,Bioretention,Constructed_wetland,Porous_Pavement,Grassed_swales,Sand_filter__surface_,Infiltration Basin,Rain Barrel,Time
0,0.879603885888893,10297934.691507,73872923612.5933,11679547466.1845,35977230.6617043,61249.4079770572,17109.0544877325,50034.3784223442,16879.8074928954,25709.5646432188,57757.6796687945,20231.1994438085,25752674.4852302,9143.54504216425,43.4463355541229
